Workbook

Sheet Data
A1: Year | B1: Area | C1: Area Total | D1: Agriculture, forestry & fishing | E1: Mining, quarrying & utilities | F1: Manufacturing | G1: Construction | H1: Motor trades | I1: Wholesale | J1: Retail | K1: Transport & storage | L1: Accommodation & food services | M1: Information & communication | N1: Financial & insurance | O1: Property | P1: Professional, scientific & technical | Q1: Business administration & support services | R1: Public administration & defence | S1: Education | T1: Health | U1: Arts, entertainment, recreation & other services
A2: 2009 | B2: North Yorks County | C2: =SUM(D2:U2) -> 254000 | D2: 6000 | E2: 3500 | F2: 26000 | G2: 11000 | H2: 4500 | I2: 14000 | J2: 27000 | K2: 8000 | L2: 27000 | M2: 9000 | N2: 8000 | O2: 4000 | P2: 15000 | Q2: 13000 | R2: 11000 | S2: 22000 | T2: 33000 | U2: 12000
A3: 2009 | B3: South Yorks Met | C3: =SUM(D3:U3) -> 527500 | D3: 1000 | E3: 4500 | F3: 58000 | G3: 27000 | H3: 9000 | I3: 21000 | J3: 57000 | K3: 27000 | L3: 31000 | M3: 12000 | N3: 16000 | O3: 8000 | P3: 24000 | Q3: 38000 | R3: 31000 | S3: 58000 | T3: 85000 | U3: 20000
A4: 2009 | B4: West Yorks Met | C4: =SUM(D4:U4) -> 966750 | D4: 1750 | E4: 12000 | F4: 110000 | G4: 40000 | H4: 16000 | I4: 49000 | J4: 105000 | K4: 39000 | L4: 53000 | M4: 31000 | N4: 47000 | O4: 15000 | P4: 54000 | Q4: 77000 | R4: 58000 | S4: 98000 | T4: 125000 | U4: 36000
A5: 2009 | B5: Barnsley | C5: =SUM(D5:U5) -> 72125 | D5: 225 | E5: 400 | F5: 11000 | G5: 4000 | H5: 1250 | I5: 2500 | J5: 7000 | K5: 2500 | L5: 4500 | M5: 1250 | N5: 1750 | O5: 1250 | P5: 3000 | Q5: 3000 | R5: 5000 | S5: 8000 | T5: 13000 | U5: 2500
A6: 2009 | B6: Bradford | C6: =SUM(D6:U6) -> 194550 | D6: 300 | E6: 2250 | F6: 26000 | G6: 6000 | H6: 3000 | I6: 10000 | J6: 24000 | K6: 6000 | L6: 10000 | M6: 6000 | N6: 7000 | O6: 3000 | P6: 8000 | Q6: 12000 | R6: 12000 | S6: 23000 | T6: 29000 | U6: 7000
A7: 2009 | B7: Calderdale | C7: =SUM(D7:U7) -> 82875 | D7: 175 | E7: 450 | F7: 14000 | G7: 3500 | H7: 1250 | I7: 5000 | J7: 7000 | K7: 3000 | L7: 5000 | M7: 2500 | N7: 8000 | O7: 1500 | P7: 3000 | Q7: 5000 | R7: 4000 | S7: 8000 | T7: 9000 | U7: 2500
A8: 2009 | B8: Craven | C8: =SUM(D8:U8) -> 29150 | D8: 600 | E8: 200 | F8: 2250 | G8: 1500 | H8: 450 | I8: 1500 | J8: 3000 | K8: 700 | L8: 3000 | M8: 350 | N8: 3500 | O8: 500 | P8: 2000 | Q8: 3000 | R8: 300 | S8: 3000 | T8: 2500 | U8: 800
A9: 2009 | B9: Doncaster | C9: =SUM(D9:U9) -> 112350 | D9: 350 | E9: 1500 | F9: 10000 | G9: 7000 | H9: 2500 | I9: 4500 | J9: 14000 | K9: 9000 | L9: 7000 | M9: 1500 | N9: 2000 | O9: 1000 | P9: 3500 | Q9: 8000 | R9: 6000 | S9: 11000 | T9: 19000 | U9: 4500
A10: 2009 | B10: ER Yorks | C10: =SUM(D10:U10) -> 119150 | D10: 3000 | E10: 900 | F10: 14000 | G10: 5000 | H10: 2250 | I10: 5000 | J10: 12000 | K10: 5000 | L10: 9000 | M10: 2500 | N10: 2000 | O10: 1500 | P10: 5000 | Q10: 5000 | R10: 13000 | S10: 13000 | T10: 16000 | U10: 5000
A11: 2009 | B11: Hambleton | C11: =SUM(D11:U11) -> 37900 | D11: 1250 | E11: 350 | F11: 4000 | G11: 1750 | H11: 700 | I11: 2500 | J11: 4000 | K11: 1250 | L11: 3000 | M11: 600 | N11: 400 | O11: 600 | P11: 2250 | Q11: 1500 | R11: 4500 | S11: 2500 | T11: 5000 | U11: 1750
A12: 2009 | B12: Harrogate | C12: =SUM(D12:U12) -> 73100 | D12: 1250 | E12: 350 | F12: 4000 | G12: 2500 | H12: 1500 | I12: 4500 | J12: 8000 | K12: 2250 | L12: 7000 | M12: 7000 | N12: 3000 | O12: 1000 | P12: 5000 | Q12: 3000 | R12: 2250 | S12: 7000 | T12: 10000 | U12: 3500
A13: 2009 | B13: Hull | C13: =SUM(D13:U13) -> 116255 | D13: 5 | E13: 1250 | F13: 17000 | G13: 5000 | H13: 2000 | I13: 6000 | J13: 14000 | K13: 5000 | L13: 6000 | M13: 2250 | N13: 1500 | O13: 1250 | P13: 4000 | Q13: 11000 | R13: 8000 | S13: 11000 | T13: 17000 | U13: 4000
... A25: 2009 | B25: York | C25: =SUM(D25:U25) -> 104575 | D25: 225 | E25: 350 | F25: 4500 | G25: 4000 | H25: 1250 | I25: 2500 | J25: 13000 | K25: 10000 | L25: 9000 | M25: 3000 | N25: 6000 | O25: 1250 | P25: 6000 | Q25: 7000 | R25: 6000 | S25: 11000 | T25: 15000 | U25: 4500
A26: 2009 | B26: Yorks and Humber | C26: =SUM(D26:U26) -> 2219055 | D26: =SUM(D5:D25) -> 12880 | E26: =SUM(E5:E25) -> 24200 | F26: =SUM(F5:F25) -> 252750 | G26: =SUM(G5:G25) -> 99800 | H26: =SUM(H5:H25) -> 38000 | I26: =SUM(I5:I25) -> 102550 | J26: =SUM(J5:J25) -> 241750 | K26: =SUM(K5:K25) -> 103400 | ... U26: =SUM(U5:U25) -> 85850
A27: 2010 | B27: North Yorks County | C27: =SUM(D27:U27) -> 249500 | D27: 7000 | E27: 3500 | F27: 26000 | G27: 12000 | H27: 4000 | I27: 12000 | J27: 25000 | K27: 8000 | L27: 25000 | M27: 9000 | N27: 6000 | O27: 3000 | P27: 15000 | Q27: 13000 | R27: 12000 | S27: 22000 | T27: 34000 | U27: 13000
A28: 2010 | B28: South Yorks Met | C28: =SUM(D28:U28) -> 519250 | D28: 1250 | E28: 5000 | F28: 54000 | G28: 28000 | H28: 8000 | I28: 21000 | J28: 56000 | K28: 25000 | L28: 30000 | M28: 12000 | N28: 15000 | O28: 6000 | P28: 22000 | Q28: 41000 | R28: 33000 | S28: 55000 | T28: 84000 | U28: 23000
A29: 2010 | B29: West Yorks Met | C29: =SUM(D29:U29) -> 960750 | D29: 1750 | E29: 13000 | F29: 109000 | G29: 41000 | H29: 14000 | I29: 47000 | J29: 93000 | K29: 40000 | L29: 51000 | M29: 30000 | N29: 48000 | O29: 11000 | P29: 54000 | Q29: 83000 | R29: 56000 | S29: 96000 | T29: 133000 | U29: 40000
A30: 2010 | B30: Barnsley | C30: =SUM(D30:U30) -> 70900 | D30: 250 | E30: 400 | F30: 10000 | G30: 4000 | H30: 1000 | I30: 3000 | J30: 7000 | K30: 2500 | L30: 5000 | M30: 1250 | N30: 1500 | O30: 1000 | P30: 2500 | Q30: 4000 | R30: 5000 | S30: 7000 | T30: 13000 | U30: 2500
A31: 2010 | B31: Bradford | C31: =SUM(D31:U31) -> 193350 | D31: 350 | E31: 2500 | F31: 25000 | G31: 7000 | H31: 3000 | I31: 10000 | J31: 19000 | K31: 7000 | L31: 9000 | M31: 6000 | N31: 7000 | O31: 2500 | P31: 9000 | Q31: 13000 | R31: 11000 | S31: 22000 | T31: 32000 | U31: 8000
A32: 2010 | B32: Calderdale | C32: =SUM(D32:U32) -> 87550 | D32: 200 | E32: 450 | F32: 13000 | G32: 4000 | H32: 1250 | I32: 4500 | J32: 7000 | K32: 2500 | L32: 4500 | M32: 1750 | N32: 12000 | O32: 900 | P32: 2500 | Q32: 8000 | R32: 4000 | S32: 8000 | T32: 10000 | U32: 3000
A33: 2010 | B33: Craven | C33: =SUM(D33:U33) -> 26100 | D33: 600 | E33: 200 | F33: 2500 | G33: 1500 | H33: 350 | I33: 1250 | J33: 2500 | K33: 500 | L33: 2500 | M33: 300 | N33: 2000 | O33: 300 | P33: 2500 | Q33: 2500 | R33: 600 | S33: 2500 | T33: 2500 | U33: 1000
A34: 2010 | B34: Doncaster | C34: =SUM(D34:U34) -> 111050 | D34: 450 | E34: 1500 | F34: 9000 | G34: 7000 | H34: 2500 | I34: 4000 | J34: 14000 | K34: 9000 | L34: 6000 | M34: 1500 | N34: 2000 | O34: 600 | P34: 3500 | Q34: 8000 | R34: 7000 | S34: 11000 | T34: 19000 | U34: 5000
A35: 2010 | B35: ER Yorks | C35: =SUM(D35:U35) -> 117750 | D35: 3500 | E35: 1000 | F35: 14000 | G35: 6000 | H35: 2000 | I35: 4500 | J35: 12000 | K35: 5000 | L35: 8000 | M35: 2250 | N35: 1000 | O35: 1000 | P35: 4500 | Q35: 5000 | R35: 13000 | S35: 13000 | T35: 17000 | U35: 5000
A36: 2010 | B36: Hambleton | C36: =SUM(D36:U36) -> 39150 | D36: 1500 | E36: 400 | F36: 4000 | G36: 2000 | H36: 600 | I36: 2500 | J36: 3500 | K36: 1250 | L36: 3000 | M36: 600 | N36: 350 | O36: 450 | P36: 2000 | Q36: 1500 | R36: 5000 | S36: 3000 | T36: 6000 | U36: 1500
A37: 2010 | B37: Harrogate | C37: =SUM(D37:U37) -> 76250 | D37: 1500 | E37: 600 | F37: 4500 | G37: 2500 | H37: 1500 | I37: 4500 | J37: 8000 | K37: 2250 | L37: 7000 | M37: 7000 | N37: 2500 | O37: 900 | P37: 5000 | Q37: 3500 | R37: 2500 | S37: 7000 | T37: 11000 | U37: 4500
A38: 2010 | B38: Hull | C38: =SUM(D38:U38) -> 114935 | D38: 35 | E38: 1250 | F38: 18000 | G38: 6000 | H38: 1750 | I38: 5000 | J38: 13000 | K38: 4500 | L38: 6000 | M38: 2250 | N38: 1250 | O38: 900 | P38: 3500 | Q38: 12000 | R38: 7000 | S38: 12000 | T38: 16000 | U38: 4500
... A50: 2010 | B50: York | C50: =SUM(D50:U50) -> 102400 | D50: 250 | E50: 400 | F50: 4500 | G50: 4500 | H50: 1250 | I50: 2250 | J50: 13000 | K50: 9000 | L50: 9000 | M50: 2250 | N50: 5000 | O50: 1000 | P50: 6000 | Q50: 7000 | R50: 6000 | S50: 11000 | T50: 15000 | U50: 5000
A51: 2010 | B51: Yorks and Humber | C51: =SUM(D51:U51) -> 2204935 | D51: =SUM(D30:D50) -> 15010 | E51: =SUM(E30:E50) -> 26500 | F51: =SUM(F30:F50) -> 249000 | G51: =SUM(G30:G50) -> 106150 | H51: =SUM(H30:H50) -> 34700 | I51: =SUM(I30:I50) -> 98550 | J51: =SUM(J30:J50) -> 225750 | K51: =SUM(K30:K50) -> 103350 | ... U51: =SUM(U30:U50) -> 95750
A52: 2011 | B52: North Yorks County | C52: =SUM(D52:U52) -> 247000 | D52: 6000 | E52: 4000 | F52: 25000 | G52: 12000 | H52: 5000 | I52: 12000 | J52: 26000 | K52: 11000 | L52: 24000 | M52: 9000 | N52: 7000 | O52: 3000 | P52: 16000 | Q52: 12000 | R52: 11000 | S52: 22000 | T52: 31000 | U52: 11000
A53: 2011 | B53: South Yorks Met | C53: =SUM(D53:U53) -> 514000 | D53: 1000 | E53: 6000 | F53: 56000 | G53: 27000 | H53: 11000 | I53: 21000 | J53: 55000 | K53: 27000 | L53: 27000 | M53: 13000 | N53: 16000 | O53: 6000 | P53: 24000 | Q53: 37000 | R53: 30000 | S53: 57000 | T53: 80000 | U53: 20000
A54: 2011 | B54: West Yorks Met | C54: =SUM(D54:U54) -> 961750 | D54: 1750 | E54: 13000 | F54: 108000 | G54: 42000 | H54: 18000 | I54: 49000 | J54: 89000 | K54: 49000 | L54: 50000 | M54: 28000 | N54: 48000 | O54: 12000 | P54: 64000 | Q54: 83000 | R54: 51000 | S54: 95000 | T54: 124000 | U54: 37000
A55: 2011 | B55: Barnsley | C55: =SUM(D55:U55) -> 71125 | D55: 225 | E55: 500 | F55: 10000 | G55: 4500 | H55: 2000 | I55: 2500 | J55: 7000 | K55: 3500 | L55: 4500 | M55: 1000 | N55: 1500 | O55: 900 | P55: 3000 | Q55: 4000 | R55: 4000 | S55: 7000 | T55: 12000 | U55: 3000
A56: 2011 | B56: Bradford | C56: =SUM(D56:U56) -> 191750 | D56: 250 | E56: 2500 | F56: 24000 | G56: 7000 | H56: 3500 | I56: 10000 | J56: 19000 | K56: 8000 | L56: 8000 | M56: 6000 | N56: 7000 | O56: 2500 | P56: 11000 | Q56: 12000 | R56: 11000 | S56: 23000 | T56: 30000 | U56: 7000
A57: 2011 | B57: Calderdale | C57: =SUM(D57:U57) -> 87575 | D57: 175 | E57: 500 | F57: 13000 | G57: 4000 | H57: 1500 | I57: 4500 | J57: 7000 | K57: 3500 | L57: 5000 | M57: 2000 | N57: 10000 | O57: 900 | P57: 3500 | Q57: 8000 | R57: 4000 | S57: 8000 | T57: 9000 | U57: 3000
A58: 2011 | B58: Craven | C58: =SUM(D58:U58) -> 25825 | D58: 500 | E58: 125 | F58: 2500 | G58: 1250 | H58: 450 | I58: 1250 | J58: 2500 | K58: 700 | L58: 2500 | M58: 350 | N58: 2250 | O58: 300 | P58: 2250 | Q58: 2500 | R58: 500 | S58: 2500 | T58: 2500 | U58: 900
A59: 2011 | B59: Doncaster | C59: =SUM(D59:U59) -> 108700 | D59: 350 | E59: 1500 | F59: 10000 | G59: 7000 | H59: 3000 | I59: 4500 | J59: 13000 | K59: 8000 | L59: 6000 | M59: 1500 | N59: 2250 | O59: 600 | P59: 3500 | Q59: 8000 | R59: 6000 | S59: 10000 | T59: 19000 | U59: 4500
A60: 2011 | B60: ER Yorks | C60: =SUM(D60:U60) -> 113250 | D60: 3000 | E60: 1500 | F60: 14000 | G60: 6000 | H60: 2500 | I60: 4000 | J60: 12000 | K60: 7000 | L60: 8000 | M60: 2500 | N60: 1250 | O60: 1000 | P60: 5000 | Q60: 4500 | R60: 11000 | S60: 11000 | T60: 15000 | U60: 4000
A61: 2011 | B61: Hambleton | C61: =SUM(D61:U61) -> 37150 | D61: 1500 | E61: 700 | F61: 4000 | G61: 2000 | H61: 800 | I61: 2250 | J61: 3500 | K61: 1750 | L61: 2500 | M61: 500 | N61: 450 | O61: 450 | P61: 2500 | Q61: 1000 | R61: 4000 | S61: 2500 | T61: 5000 | U61: 1750
A62: 2011 | B62: Harrogate | C62: =SUM(D62:U62) -> 73750 | D62: 1250 | E62: 450 | F62: 4000 | G62: 2500 | H62: 1750 | I62: 4500 | J62: 8000 | K62: 3000 | L62: 7000 | M62: 7000 | N62: 3000 | O62: 800 | P62: 6000 | Q62: 2500 | R62: 2500 | S62: 6000 | T62: 10000 | U62: 3500
A63: 2011 | B63: Hull | C63: =SUM(D63:U63) -> 111905 | D63: 5 | E63: 1000 | F63: 17000 | G63: 5000 | H63: 2250 | I63: 5000 | J63: 13000 | K63: 5000 | L63: 5000 | M63: 2000 | N63: 1250 | O63: 900 | P63: 4000 | Q63: 12000 | R63: 8000 | S63: 11000 | T63: 16000 | U63: 3500
... A75: 2011 | B75: York | C75: =SUM(D75:U75) -> 103650 | D75: 200 | E75: 450 | F75: 4000 | G75: 4000 | H75: 1500 | I75: 2250 | J75: 13000 | K75: 12000 | L75: 9000 | M75: 2250 | N75: 5000 | O75: 1000 | P75: 7000 | Q75: 6000 | R75: 5000 | S75: 12000 | T75: 14000 | U75: 5000
A76: 2011 | B76: Yorks and Humber | C76: =SUM(D76:U76) -> 2179030 | D76: =SUM(D55:D75) -> 12830 | E76: =SUM(E55:E75) -> 27300 | F76: =SUM(F55:F75) -> 245000 | G76: =SUM(G55:G75) -> 104400 | H76: =SUM(H55:H75) -> 43750 | I76: =SUM(I55:I75) -> 97750 | J76: =SUM(J55:J75) -> 220750 | K76: =SUM(K55:K75) -> 122950 | ... U76: =SUM(U55:U75) -> 84450
A77: 2012 | B77: North Yorks County | C77: =SUM(D77:U77) -> 247500 | D77: 7000 | E77: 3000 | F77: 28000 | G77: 12000 | H77: 4500 | I77: 11000 | J77: 23000 | K77: 10000 | L77: 25000 | M77: 9000 | N77: 6000 | O77: 3000 | P77: 14000 | Q77: 13000 | R77: 10000 | S77: 25000 | T77: 31000 | U77: 13000
A78: 2012 | B78: South Yorks Met | C78: =SUM(D78:U78) -> 510250 | D78: 1250 | E78: 6000 | F78: 57000 | G78: 25000 | H78: 10000 | I78: 19000 | J78: 53000 | K78: 25000 | L78: 26000 | M78: 14000 | N78: 14000 | O78: 5000 | P78: 24000 | Q78: 35000 | R78: 30000 | S78: 59000 | T78: 85000 | U78: 22000
A79: 2012 | B79: West Yorks Met | C79: =SUM(D79:U79) -> 950000 | D79: 2000 | E79: 14000 | F79: 107000 | G79: 42000 | H79: 15000 | I79: 46000 | J79: 83000 | K79: 42000 | L79: 48000 | M79: 29000 | N79: 44000 | O79: 12000 | P79: 69000 | Q79: 83000 | R79: 47000 | S79: 99000 | T79: 129000 | U79: 39000
A80: 2012 | B80: Barnsley | C80: =SUM(D80:U80) -> 70550 | D80: 250 | E80: 400 | F80: 11000 | G80: 4500 | H80: 2000 | I80: 2000 | J80: 7000 | K80: 3000 | L80: 4500 | M80: 1250 | N80: 1250 | O80: 900 | P80: 2500 | Q80: 3000 | R80: 3500 | S80: 7000 | T80: 13000 | U80: 3500
A81: 2012 | B81: Bradford | C81: =SUM(D81:U81) -> 185350 | D81: 350 | E81: 2500 | F81: 24000 | G81: 6000 | H81: 3000 | I81: 9000 | J81: 17000 | K81: 7000 | L81: 8000 | M81: 6000 | N81: 7000 | O81: 2500 | P81: 12000 | Q81: 11000 | R81: 10000 | S81: 23000 | T81: 30000 | U81: 7000
A82: 2012 | B82: Calderdale | C82: =SUM(D82:U82) -> 83100 | D82: 200 | E82: 500 | F82: 13000 | G82: 4000 | H82: 1250 | I82: 3500 | J82: 6000 | K82: 2500 | L82: 4500 | M82: 1750 | N82: 8000 | O82: 900 | P82: 3000 | Q82: 10000 | R82: 3500 | S82: 7000 | T82: 10000 | U82: 3500
A83: 2012 | B83: Craven | C83: =SUM(D83:U83) -> 26400 | D83: 600 | E83: 100 | F83: 3000 | G83: 1500 | H83: 400 | I83: 1250 | J83: 2000 | K83: 600 | L83: 2500 | M83: 450 | N83: 2250 | O83: 250 | P83: 2250 | Q83: 2500 | R83: 500 | S83: 3000 | T83: 2250 | U83: 1000
A84: 2012 | B84: Doncaster | C84: =SUM(D84:U84) -> 106550 | D84: 450 | E84: 1500 | F84: 9000 | G84: 6000 | H84: 2500 | I84: 4000 | J84: 12000 | K84: 8000 | L84: 5000 | M84: 1500 | N84: 2000 | O84: 600 | P84: 4000 | Q84: 7000 | R84: 5000 | S84: 12000 | T84: 21000 | U84: 5000
A85: 2012 | B85: ER Yorks | C85: =SUM(D85:U85) -> 109900 | D85: 3500 | E85: 1250 | F85: 14000 | G85: 5000 | H85: 2250 | I85: 3500 | J85: 11000 | K85: 5000 | L85: 8000 | M85: 3000 | N85: 1000 | O85: 900 | P85: 6000 | Q85: 4000 | R85: 10000 | S85: 11000 | T85: 16000 | U85: 4500
A86: 2012 | B86: Hambleton | C86: =SUM(D86:U86) -> 37250 | D86: 1250 | E86: 450 | F86: 4500 | G86: 2250 | H86: 700 | I86: 1750 | J86: 3000 | K86: 1750 | L86: 3000 | M86: 700 | N86: 400 | O86: 500 | P86: 2250 | Q86: 1500 | R86: 3500 | S86: 3000 | T86: 5000 | U86: 1750
A87: 2012 | B87: Harrogate | C87: =SUM(D87:U87) -> 74150 | D87: 1250 | E87: 350 | F87: 4500 | G87: 3000 | H87: 1500 | I87: 4500 | J87: 7000 | K87: 2500 | L87: 7000 | M87: 7000 | N87: 2250 | O87: 800 | P87: 5000 | Q87: 4000 | R87: 2000 | S87: 8000 | T87: 10000 | U87: 3500
A88: 2012 | B88: Hull | C88: =SUM(D88:U88) -> 112770 | D88: 20 | E88: 1000 | F88: 19000 | G88: 6000 | H88: 1750 | I88: 4500 | J88: 12000 | K88: 4500 | L88: 4500 | M88: 2000 | N88: 1000 | O88: 1000 | P88: 4000 | Q88: 11000 | R88: 7000 | S88: 11000 | T88: 19000 | U88: 3500
... A100: 2012 | B100: York | C100: =SUM(D100:U100) -> 100650 | D100: 250 | E100: 500 | F100: 4000 | G100: 4000 | H100: 1250 | I100: 2250 | J100: 12000 | K100: 9000 | L100: 9000 | M100: 2500 | N100: 5000 | O100: 900 | P100: 7000 | Q100: 6000 | R100: 5000 | S100: 11000 | T100: 16000 | U100: 5000
A101: 2012 | B101: Yorks and Humber | C101: =SUM(D101:U101) -> 2154045 | D101: =SUM(D80:D100) -> 14770 | E101: =SUM(E80:E100) -> 27275 | F101: =SUM(F80:F100) -> 251000 | G101: =SUM(G80:G100) -> 102650 | H101: =SUM(H80:H100) -> 36500 | I101: =SUM(I80:I100) -> 90400 | J101: =SUM(J80:J100) -> 205250 | K101: =SUM(K80:K100) -> 106300 | ... U101: =SUM(U80:U100) -> 91050
A102: 2013 | B102: North Yorks County | C102: =SUM(D102:U102) -> 251000 | D102: 6000 | E102: 3500 | F102: 27000 | G102: 10000 | H102: 5000 | I102: 12000 | J102: 23000 | K102: 11000 | L102: 26000 | M102: 4000 | N102: 5000 | O102: 4500 | P102: 19000 | Q102: 16000 | R102: 11000 | S102: 24000 | T102: 32000 | U102: 12000
A103: 2013 | B103: South Yorks Met | C103: =SUM(D103:U103) -> 516800 | D103: 800 | E103: 6000 | F103: 55000 | G103: 23000 | H103: 12000 | I103: 18000 | J103: 53000 | K103: 27000 | L103: 27000 | M103: 14000 | N103: 13000 | O103: 6000 | P103: 26000 | Q103: 43000 | R103: 27000 | S103: 60000 | T103: 86000 | U103: 20000
A104: 2013 | B104: West Yorks Met | C104: =SUM(D104:U104) -> 962500 | D104: 1500 | E104: 14000 | F104: 104000 | G104: 37000 | H104: 19000 | I104: 45000 | J104: 84000 | K104: 45000 | L104: 50000 | M104: 28000 | N104: 39000 | O104: 17000 | P104: 75000 | Q104: 92000 | R104: 46000 | S104: 100000 | T104: 129000 | U104: 37000
A105: 2013 | B105: Barnsley | C105: =SUM(D105:U105) -> 74350 | D105: 200 | E105: 400 | F105: 11000 | G105: 3500 | H105: 1500 | I105: 2000 | J105: 7000 | K105: 5000 | L105: 4000 | M105: 1250 | N105: 1250 | O105: 1250 | P105: 3000 | Q105: 7000 | R105: 3000 | S105: 8000 | T105: 12000 | U105: 3000
A106: 2013 | B106: Bradford | C106: =SUM(D106:U106) -> 186800 | D106: 300 | E106: 2500 | F106: 24000 | G106: 5000 | H106: 4000 | I106: 9000 | J106: 18000 | K106: 7000 | L106: 8000 | M106: 6000 | N106: 7000 | O106: 3000 | P106: 12000 | Q106: 12000 | R106: 10000 | S106: 23000 | T106: 30000 | U106: 6000
A107: 2013 | B107: Calderdale | C107: =SUM(D107:U107) -> 87350 | D107: 150 | E107: 450 | F107: 13000 | G107: 3500 | H107: 1500 | I107: 3500 | J107: 7000 | K107: 2500 | L107: 5000 | M107: 1500 | N107: 8000 | O107: 1250 | P107: 4500 | Q107: 11000 | R107: 3500 | S107: 8000 | T107: 10000 | U107: 3000
A108: 2013 | B108: Craven | C108: =SUM(D108:U108) -> 25900 | D108: 500 | E108: 150 | F108: 2500 | G108: 1250 | H108: 450 | I108: 1000 | J108: 2250 | K108: 600 | L108: 2500 | M108: 400 | N108: 2250 | O108: 400 | P108: 2500 | Q108: 2500 | R108: 400 | S108: 3000 | T108: 2000 | U108: 1250
A109: 2013 | B109: Doncaster | C109: =SUM(D109:U109) -> 110050 | D109: 300 | E109: 2500 | F109: 9000 | G109: 6000 | H109: 3500 | I109: 3500 | J109: 12000 | K109: 8000 | L109: 6000 | M109: 1250 | N109: 1500 | O109: 1000 | P109: 4500 | Q109: 9000 | R109: 4500 | S109: 11000 | T109: 22000 | U109: 4500
A110: 2013 | B110: ER Yorks | C110: =SUM(D110:U110) -> 113750 | D110: 3000 | E110: 1500 | F110: 15000 | G110: 4500 | H110: 3000 | I110: 4000 | J110: 11000 | K110: 5000 | L110: 8000 | M110: 2500 | N110: 1000 | O110: 1750 | P110: 7000 | Q110: 4500 | R110: 10000 | S110: 12000 | T110: 16000 | U110: 4000
A111: 2013 | B111: Hambleton | C111: =SUM(D111:U111) -> 38850 | D111: 1250 | E111: 500 | F111: 4500 | G111: 1750 | H111: 900 | I111: 1750 | J111: 3000 | K111: 1500 | L111: 3000 | M111: 600 | N111: 400 | O111: 700 | P111: 2500 | Q111: 1750 | R111: 5000 | S111: 3000 | T111: 5000 | U111: 1750
A112: 2013 | B112: Harrogate | C112: =SUM(D112:U112) -> 74150 | D112: 1000 | E112: 400 | F112: 4500 | G112: 2250 | H112: 1750 | I112: 4500 | J112: 8000 | K112: 3000 | L112: 7000 | M112: 2000 | N112: 2000 | O112: 1500 | P112: 7000 | Q112: 6000 | R112: 2250 | S112: 7000 | T112: 11000 | U112: 3000
A113: 2013 | B113: Hull | C113: =SUM(D113:U113) -> 114505 | D113: 5 | E113: 1000 | F113: 19000 | G113: 5000 | H113: 2250 | I113: 4500 | J113: 12000 | K113: 4500 | L113: 5000 | M113: 2000 | N113: 1000 | O113: 1250 | P113: 4500 | Q113: 12000 | R113: 7000 | S113: 11000 | T113: 19000 | U113: 3500
... A125: 2013 | B125: York | C125: =SUM(D125:U125) -> 100875 | D125: 175 | E125: 450 | F125: 4000 | G125: 3500 | H125: 1500 | I125: 2500 | J125: 12000 | K125: 9000 | L125: 10000 | M125: 2500 | N125: 4000 | O125: 1750 | P125: 7000 | Q125: 6000 | R125: 5000 | S125: 12000 | T125: 15000 | U125: 4500
A126: 2013 | B126: Yorks and Humber | C126: =SUM(D126:U126) -> 2190655 | D126: =SUM(D105:D125) -> 12105 | E126: =SUM(E105:E125) -> 28525 | F126: =SUM(F105:F125) -> 248500 | G126: =SUM(G105:G125) -> 89700 | H126: =SUM(H105:H125) -> 47750 | I126: =SUM(I105:I125) -> 91450 | J126: =SUM(J105:J125) -> 209250 | K126: =SUM(K105:K125) -> 111150 | ... U126: =SUM(U105:U125) -> 84200
A127: 2014 | B127: North Yorks County | C127: =SUM(D127:U127) -> 257500 | D127: 7000 | E127: 3500 | F127: 28000 | G127: 12000 | H127: 5000 | I127: 12000 | J127: 24000 | K127: 10000 | L127: 31000 | M127: 5000 | N127: 7000 | O127: 4000 | P127: 16000 | Q127: 17000 | R127: 10000 | S127: 21000 | T127: 33000 | U127: 12000
A128: 2014 | B128: South Yorks Met | C128: =SUM(D128:U128) -> 540000 | D128: 1000 | E128: 6000 | F128: 59000 | G128: 26000 | H128: 11000 | I128: 20000 | J128: 55000 | K128: 27000 | L128: 32000 | M128: 15000 | N128: 15000 | O128: 6000 | P128: 25000 | Q128: 48000 | R128: 26000 | S128: 60000 | T128: 88000 | U128: 20000
A129: 2014 | B129: West Yorks Met | C129: =SUM(D129:U129) -> 989500 | D129: 1500 | E129: 12000 | F129: 111000 | G129: 41000 | H129: 19000 | I129: 44000 | J129: 88000 | K129: 44000 | L129: 57000 | M129: 31000 | N129: 46000 | O129: 16000 | P129: 67000 | Q129: 94000 | R129: 46000 | S129: 99000 | T129: 134000 | U129: 39000
A130: 2014 | B130: Barnsley | C130: =SUM(D130:U130) -> 76000 | D130: 250 | E130: 500 | F130: 12000 | G130: 4500 | H130: 1750 | I130: 2250 | J130: 7000 | K130: 5000 | L130: 5000 | M130: 1250 | N130: 1500 | O130: 1000 | P130: 2500 | Q130: 7000 | R130: 3000 | S130: 7000 | T130: 12000 | U130: 2500
A131: 2014 | B131: Bradford | C131: =SUM(D131:U131) -> 190300 | D131: 300 | E131: 3000 | F131: 24000 | G131: 6000 | H131: 4000 | I131: 9000 | J131: 19000 | K131: 7000 | L131: 9000 | M131: 6000 | N131: 8000 | O131: 3000 | P131: 11000 | Q131: 10000 | R131: 10000 | S131: 23000 | T131: 31000 | U131: 7000
A132: 2014 | B132: Calderdale | C132: =SUM(D132:U132) -> 92425 | D132: 175 | E132: 500 | F132: 14000 | G132: 4000 | H132: 1500 | I132: 4000 | J132: 7000 | K132: 2500 | L132: 5000 | M132: 2000 | N132: 8000 | O132: 1250 | P132: 3500 | Q132: 15000 | R132: 3500 | S132: 7000 | T132: 10000 | U132: 3500
A133: 2014 | B133: Craven | C133: =SUM(D133:U133) -> 27400 | D133: 600 | E133: 150 | F133: 2500 | G133: 1500 | H133: 500 | I133: 1250 | J133: 2500 | K133: 700 | L133: 3000 | M133: 500 | N133: 2500 | O133: 350 | P133: 2250 | Q133: 2500 | R133: 600 | S133: 2500 | T133: 2250 | U133: 1250
A134: 2014 | B134: Doncaster | C134: =SUM(D134:U134) -> 113500 | D134: 350 | E134: 1750 | F134: 10000 | G134: 6000 | H134: 3000 | I134: 4000 | J134: 13000 | K134: 8000 | L134: 7000 | M134: 1500 | N134: 2500 | O134: 900 | P134: 4500 | Q134: 10000 | R134: 4500 | S134: 11000 | T134: 21000 | U134: 4500
A135: 2014 | B135: ER Yorks | C135: =SUM(D135:U135) -> 115750 | D135: 3000 | E135: 1250 | F135: 15000 | G135: 5000 | H135: 3000 | I135: 4500 | J135: 12000 | K135: 5000 | L135: 10000 | M135: 2500 | N135: 1500 | O135: 1500 | P135: 5000 | Q135: 5000 | R135: 10000 | S135: 11000 | T135: 16000 | U135: 4500
A136: 2014 | B136: Hambleton | C136: =SUM(D136:U136) -> 39300 | D136: 1500 | E136: 450 | F136: 4500 | G136: 2250 | H136: 800 | I136: 2000 | J136: 3500 | K136: 1500 | L136: 4000 | M136: 700 | N136: 500 | O136: 600 | P136: 2000 | Q136: 2250 | R136: 3500 | S136: 2500 | T136: 5000 | U136: 1750
A137: 2014 | B137: Harrogate | C137: =SUM(D137:U137) -> 77650 | D137: 1250 | E137: 400 | F137: 4500 | G137: 3000 | H137: 1500 | I137: 4500 | J137: 8000 | K137: 3000 | L137: 9000 | M137: 2500 | N137: 3000 | O137: 1250 | P137: 7000 | Q137: 6000 | R137: 2250 | S137: 6000 | T137: 11000 | U137: 3500
A138: 2014 | B138: Hull | C138: =SUM(D138:U138) -> 116020 | D138: 20 | E138: 1250 | F138: 20000 | G138: 5000 | H138: 2250 | I138: 5000 | J138: 12000 | K138: 4500 | L138: 6000 | M138: 2250 | N138: 1250 | O138: 1000 | P138: 3500 | Q138: 13000 | R138: 6000 | S138: 11000 | T138: 18000 | U138: 4000
... A150: 2014 | B150: York | C150: =SUM(D150:U150) -> 105050 | D150: 200 | E150: 350 | F150: 4000 | G150: 4000 | H150: 1500 | I150: 2250 | J150: 13000 | K150: 9000 | L150: 11000 | M150: 3000 | N150: 4500 | O150: 1750 | P150: 7000 | Q150: 7000 | R150: 5000 | S150: 11000 | T150: 16000 | U150: 4500
A151: 2014 | B151: Yorks and Humber | C151: =SUM(D151:U151) -> 2258845 | D151: =SUM(D130:D150) -> 13720 | E151: =SUM(E130:E150) -> 26400 | F151: =SUM(F130:F150) -> 260900 | G151: =SUM(G130:G150) -> 97800 | H151: =SUM(H130:H150) -> 44950 | I151: =SUM(I130:I150) -> 93150 | J151: =SUM(J130:J150) -> 218250 | K151: =SUM(K130:K150) -> 110250 | ... U151: =SUM(U130:U150) -> 88950
A152: 2015 | B152: North Yorks County | C152: =SUM(D152:U152) -> 268000 | D152: 6000 | E152: 3500 | F152: 31000 | G152: 12000 | H152: 5000 | I152: 12000 | J152: 24000 | K152: 11000 | L152: 29000 | M152: 4500 | N152: 7000 | O152: 4000 | P152: 18000 | Q152: 22000 | R152: 9000 | S152: 24000 | T152: 33000 | U152: 13000
A153: 2015 | B153: South Yorks Met | C153: =SUM(D153:U153) -> 543900 | D153: 900 | E153: 5000 | F153: 59000 | G153: 26000 | H153: 10000 | I153: 22000 | J153: 53000 | K153: 28000 | L153: 31000 | M153: 12000 | N153: 15000 | O153: 6000 | P153: 30000 | Q153: 48000 | R153: 30000 | S153: 61000 | T153: 87000 | U153: 20000
A154: 2015 | B154: West Yorks Met | C154: =SUM(D154:U154) -> 1020250 | D154: 1250 | E154: 13000 | F154: 110000 | G154: 43000 | H154: 18000 | I154: 49000 | J154: 87000 | K154: 48000 | L154: 56000 | M154: 27000 | N154: 48000 | O154: 15000 | P154: 78000 | Q154: 111000 | R154: 42000 | S154: 102000 | T154: 133000 | U154: 39000
A155: 2015 | B155: Barnsley | C155: =SUM(D155:U155) -> 76325 | D155: 225 | E155: 600 | F155: 12000 | G155: 5000 | H155: 1500 | I155: 2500 | J155: 7000 | K155: 4500 | L155: 4500 | M155: 1000 | N155: 1500 | O155: 1250 | P155: 3000 | Q155: 5000 | R155: 2250 | S155: 8000 | T155: 14000 | U155: 2500
A156: 2015 | B156: Bradford | C156: =SUM(D156:U156) -> 193725 | D156: 225 | E156: 3000 | F156: 25000 | G156: 7000 | H156: 3500 | I156: 9000 | J156: 18000 | K156: 8000 | L156: 9000 | M156: 5000 | N156: 9000 | O156: 3000 | P156: 11000 | Q156: 13000 | R156: 9000 | S156: 24000 | T156: 31000 | U156: 6000
A157: 2015 | B157: Calderdale | C157: =SUM(D157:U157) -> 96400 | D157: 150 | E157: 500 | F157: 14000 | G157: 4000 | H157: 1500 | I157: 4000 | J157: 7000 | K157: 3000 | L157: 5000 | M157: 1500 | N157: 8000 | O157: 1250 | P157: 4000 | Q157: 18000 | R157: 3000 | S157: 8000 | T157: 10000 | U157: 3500
A158: 2015 | B158: Craven | C158: =SUM(D158:U158) -> 30925 | D158: 500 | E158: 125 | F158: 3000 | G158: 1500 | H158: 400 | I158: 1500 | J158: 2500 | K158: 1000 | L158: 3000 | M158: 350 | N158: 2500 | O158: 350 | P158: 1750 | Q158: 6000 | R158: 450 | S158: 3000 | T158: 2000 | U158: 1000
A159: 2015 | B159: Doncaster | C159: =SUM(D159:U159) -> 119200 | D159: 300 | E159: 1500 | F159: 10000 | G159: 7000 | H159: 3000 | I159: 4500 | J159: 12000 | K159: 9000 | L159: 7000 | M159: 1250 | N159: 2250 | O159: 900 | P159: 5000 | Q159: 11000 | R159: 9000 | S159: 11000 | T159: 20000 | U159: 4500
A160: 2015 | B160: ER Yorks | C160: =SUM(D160:U160) -> 121750 | D160: 3000 | E160: 1250 | F160: 17000 | G160: 6000 | H160: 2500 | I160: 4500 | J160: 11000 | K160: 6000 | L160: 9000 | M160: 2250 | N160: 1250 | O160: 1500 | P160: 6000 | Q160: 7000 | R160: 10000 | S160: 12000 | T160: 17000 | U160: 4500
A161: 2015 | B161: Hambleton | C161: =SUM(D161:U161) -> 40550 | D161: 1250 | E161: 500 | F161: 5000 | G161: 2250 | H161: 700 | I161: 2000 | J161: 3500 | K161: 1750 | L161: 3500 | M161: 600 | N161: 400 | O161: 600 | P161: 2250 | Q161: 3000 | R161: 3500 | S161: 3000 | T161: 5000 | U161: 1750
A162: 2015 | B162: Harrogate | C162: =SUM(D162:U162) -> 78350 | D162: 1000 | E162: 350 | F162: 5000 | G162: 3000 | H162: 1750 | I162: 4000 | J162: 8000 | K162: 3000 | L162: 8000 | M162: 2000 | N162: 2500 | O162: 1250 | P162: 8000 | Q162: 6000 | R162: 2000 | S162: 7000 | T162: 12000 | U162: 3500
A163: 2015 | B163: Hull | C163: =SUM(D163:U163) -> 117505 | D163: 5 | E163: 1250 | F163: 19000 | G163: 6000 | H163: 2000 | I163: 5000 | J163: 12000 | K163: 5000 | L163: 5000 | M163: 2000 | N163: 1250 | O163: 1000 | P163: 5000 | Q163: 14000 | R163: 5000 | S163: 12000 | T163: 18000 | U163: 4000
... A175: 2015 | B175: York | C175: =SUM(D175:U175) -> 103325 | D175: 175 | E175: 400 | F175: 4500 | G175: 4000 | H175: 1500 | I175: 2500 | J175: 13000 | K175: 4500 | L175: 10000 | M175: 2500 | N175: 4500 | O175: 1750 | P175: 8000 | Q175: 8000 | R175: 5000 | S175: 12000 | T175: 16000 | U175: 5000
A176: 2015 | B176: Yorks and Humber | C176: =SUM(D176:U176) -> 2313280 | D176: =SUM(D155:D175) -> 11855 | E176: =SUM(E155:E175) -> 27450 | F176: =SUM(F155:F175) -> 266500 | G176: =SUM(G155:G175) -> 105400 | H176: =SUM(H155:H175) -> 41550 | I176: =SUM(I155:I175) -> 101000 | J176: =SUM(J155:J175) -> 213500 | K176: =SUM(K155:K175) -> 115700 | ... U176: =SUM(U155:U175) -> 89700
A177: 2016 | B177: Barnsley | C177: =SUM(D177:U177) -> 78350 | D177: 350 | E177: 500 | F177: 11000 | G177: 5000 | H177: 2000 | I177: 3000 | J177: 8000 | K177: 5000 | L177: 4500 | M177: 1250 | N177: 1000 | O177: 1250 | P177: 3000 | Q177: 5000 | R177: 2000 | S177: 8000 | T177: 15000 | U177: 2500
...

Sheet Sheet1
B1: Agriculture, forestry & fishing | C1: Mining, quarrying & utilities | D1: Manufacturing | E1: Construction | F1: Motor trades | G1: Wholesale | H1: Retail | I1: Transport & storage | J1: Accommodation & food services | K1: Information & communication | L1: Financial & insurance | M1: Property | N1: Professional, scientific & technical | O1: Business administration & support services | P1: Public administration & defence | Q1: Education | R1: Health | S1: Arts, entertainment, recreation & other services
A2: Barnsley | B2: =Data!D327/Data!$C327 -> 0.0023654642 | C2: =Data!E327/Data!$C327 -> 0.0070963927 | D2: =Data!F327/Data!$C327 -> 0.15375517 | E2: =Data!G327/Data!$C327 -> 0.059136606 | F2: =Data!H327/Data!$C327 -> 0.023654642 | G2: =Data!I327/Data!$C327 -> 0.035481963 | H2: =Data!J327/Data!$C327 -> 0.10644589 | I2: =Data!K327/Data!$C327 -> 0.082791248 | ... S2: =Data!U327/Data!$C327 -> 0.029568303
A3: Bradford | B3: =Data!D328/Data!$C328 -> 0.0014577259 | C3: =Data!E328/Data!$C328 -> 0.012147716 | D3: =Data!F328/Data!$C328 -> 0.11661808 | E3: =Data!G328/Data!$C328 -> 0.038872692 | F3: =Data!H328/Data!$C328 -> 0.021865889 | G3: =Data!I328/Data!$C328 -> 0.053449951 | H3: =Data!J328/Data!$C328 -> 0.1068999 | I3: =Data!K328/Data!$C328 -> 0.043731778 | ... S3: =Data!U328/Data!$C328 -> 0.029154519
A4: Calderdale | B4: =Data!D329/Data!$C329 -> 0.0019547612 | C4: =Data!E329/Data!$C329 -> 0.0067020385 | D4: =Data!F329/Data!$C329 -> 0.13404077 | E4: =Data!G329/Data!$C329 -> 0.050265289 | F4: =Data!H329/Data!$C329 -> 0.016755096 | G4: =Data!I329/Data!$C329 -> 0.055850321 | H4: =Data!J329/Data!$C329 -> 0.07819045 | I4: =Data!K329/Data!$C329 -> 0.033510193 | ... S4: =Data!U329/Data!$C329 -> 0.039095225
A5: Craven | B5: =Data!D330/Data!$C330 -> 0.019401778 | C5: =Data!E330/Data!$C330 -> 0.0056588521 | D5: =Data!F330/Data!$C330 -> 0.11317704 | E5: =Data!G330/Data!$C330 -> 0.048504446 | F5: =Data!H330/Data!$C330 -> 0.014551334 | G5: =Data!I330/Data!$C330 -> 0.040420372 | H5: =Data!J330/Data!$C330 -> 0.080840744 | I5: =Data!K330/Data!$C330 -> 0.025869038 | ... S5: =Data!U330/Data!$C330 -> 0.032336297
A6: Doncaster | B6: =Data!D331/Data!$C331 -> 0.0026246719 | C6: =Data!E331/Data!$C331 -> 0.01312336 | D6: =Data!F331/Data!$C331 -> 0.082489689 | E6: =Data!G331/Data!$C331 -> 0.059992501 | F6: =Data!H331/Data!$C331 -> 0.02999625 | G6: =Data!I331/Data!$C331 -> 0.033745782 | H6: =Data!J331/Data!$C331 -> 0.097487814 | I6: =Data!K331/Data!$C331 -> 0.13498313 | ... S6: =Data!U331/Data!$C331 -> 0.033745782
A7: ER Yorks | B7: =Data!D332/Data!$C332 -> 0.026871401 | C7: =Data!E332/Data!$C332 -> 0.019193858 | D7: =Data!F332/Data!$C332 -> 0.16122841 | E7: =Data!G332/Data!$C332 -> 0.046065259 | F7: =Data!H332/Data!$C332 -> 0.02303263 | G7: =Data!I332/Data!$C332 -> 0.038387716 | H7: =Data!J332/Data!$C332 -> 0.092130518 | I7: =Data!K332/Data!$C332 -> 0.046065259 | ... S7: =Data!U332/Data!$C332 -> 0.034548944
A8: Hambleton | B8: =Data!D333/Data!$C333 -> 0.030674847 | C8: =Data!E333/Data!$C333 -> 0.012269939 | D8: =Data!F333/Data!$C333 -> 0.14723926 | E8: =Data!G333/Data!$C333 -> 0.055214724 | F8: =Data!H333/Data!$C333 -> 0.019631902 | G8: =Data!I333/Data!$C333 -> 0.049079755 | H8: =Data!J333/Data!$C333 -> 0.098159509 | I8: =Data!K333/Data!$C333 -> 0.030674847 | ... S8: =Data!U333/Data!$C333 -> 0.036809816
A9: Harrogate | B9: =Data!D334/Data!$C334 -> 0.019455253 | C9: =Data!E334/Data!$C334 -> 0.0077821012 | D9: =Data!F334/Data!$C334 -> 0.064850843 | E9: =Data!G334/Data!$C334 -> 0.038910506 | F9: =Data!H334/Data!$C334 -> 0.019455253 | G9: =Data!I334/Data!$C334 -> 0.058365759 | H9: =Data!J334/Data!$C334 -> 0.10376135 | I9: =Data!K334/Data!$C334 -> 0.032425422 | ... S9: =Data!U334/Data!$C334 -> 0.038910506
A10: Hull | B10: =Data!D335/Data!$C335 -> 0.00015807777 | C10: =Data!E335/Data!$C335 -> 0.0098798609 | D10: =Data!F335/Data!$C335 -> 0.17388555 | E10: =Data!G335/Data!$C335 -> 0.055327221 | F10: =Data!H335/Data!$C335 -> 0.01778375 | G10: =Data!I335/Data!$C335 -> 0.039519444 | H10: =Data!J335/Data!$C335 -> 0.094846665 | I10: =Data!K335/Data!$C335 -> 0.039519444 | ... S10: =Data!U335/Data!$C335 -> 0.02766361
A11: Kirklees | B11: =Data!D336/Data!$C336 -> 0.0022033365 | C11: =Data!E336/Data!$C336 -> 0.0078690589 | D11: =Data!F336/Data!$C336 -> 0.16997167 | E11: =Data!G336/Data!$C336 -> 0.050361977 | F11: =Data!H336/Data!$C336 -> 0.025180988 | G11: =Data!I336/Data!$C336 -> 0.056657224 | H11: =Data!J336/Data!$C336 -> 0.10072395 | I11: =Data!K336/Data!$C336 -> 0.037771483 | ... S11: =Data!U336/Data!$C336 -> 0.037771483
A12: Leeds | B12: =Data!D337/Data!$C337 -> 0.00091752472 | C12: =Data!E337/Data!$C337 -> 0.012233663 | D12: =Data!F337/Data!$C337 -> 0.059129371 | E12: =Data!G337/Data!$C337 -> 0.036700989 | F12: =Data!H337/Data!$C337 -> 0.016311551 | G12: =Data!I337/Data!$C337 -> 0.034662045 | H12: =Data!J337/Data!$C337 -> 0.067285146 | I12: =Data!K337/Data!$C337 -> 0.040778877 | ... S12: =Data!U337/Data!$C337 -> 0.040778877
A13: NE Lincs | B13: =Data!D338/Data!$C338 -> 0.0014981273 | C13: =Data!E338/Data!$C338 -> 0.013483146 | D13: =Data!F338/Data!$C338 -> 0.16479401 | E13: =Data!G338/Data!$C338 -> 0.04494382 | F13: =Data!H338/Data!$C338 -> 0.029962547 | G13: =Data!I338/Data!$C338 -> 0.037453184 | H13: =Data!J338/Data!$C338 -> 0.10486891 | I13: =Data!K338/Data!$C338 -> 0.074906367 | ... S13: =Data!U338/Data!$C338 -> 0.033707865
... A22: York | B22: =Data!D347/Data!$C347 -> 0.0020515158 | C22: =Data!E347/Data!$C347 -> 0.0041030317 | D22: =Data!F347/Data!$C347 -> 0.036471393 | E22: =Data!G347/Data!$C347 -> 0.031912469 | F22: =Data!H347/Data!$C347 -> 0.013676772 | G22: =Data!I347/Data!$C347 -> 0.018235696 | H22: =Data!J347/Data!$C347 -> 0.10941418 | I22: =Data!K347/Data!$C347 -> 0.041030317 | ... S22: =Data!U347/Data!$C347 -> 0.041030317

Sheet Sheet2
A1: Table 2.4: Sample of dataset 2
A2: Year | B2: Area | C2: Agriculture, forestry & fishing | D2: Mining, quarrying & utilities | E2: Manufacturing | F2: Construction | G2: Motor trades | H2: Wholesale | I2: Retail | J2: Transport & storage | K2: Accommodation & food services | L2: Information & communication | M2: Financial & insurance | N2: Property | O2: Professional, scientific & technical | P2: Business administration & support services | Q2: Public administration & defence | R2: Education | S2: Health | T2: Arts, entertainment, recreation & other services
A3: 2009 | B3: Barnsley | C3: 225 | D3: 400 | E3: 11000 | F3: 4000 | G3: 1250 | H3: 2500 | I3: 7000 | J3: 2500 | K3: 4500 | L3: 1250 | M3: 1750 | N3: 1250 | O3: 3000 | P3: 3000 | Q3: 5000 | R3: 8000 | S3: 13000 | T3: 2500
A4: 2009 | B4: Bradford | C4: 300 | D4: 2250 | E4: 26000 | F4: 6000 | G4: 3000 | H4: 10000 | I4: 24000 | J4: 6000 | K4: 10000 | L4: 6000 | M4: 7000 | N4: 3000 | O4: 8000 | P4: 12000 | Q4: 12000 | R4: 23000 | S4: 29000 | T4: 7000
A5: 2009 | B5: Calderdale | C5: 175 | D5: 450 | E5: 14000 | F5: 3500 | G5: 1250 | H5: 5000 | I5: 7000 | J5: 3000 | K5: 5000 | L5: 2500 | M5: 8000 | N5: 1500 | O5: 3000 | P5: 5000 | Q5: 4000 | R5: 8000 | S5: 9000 | T5: 2500
A6: 2009 | B6: Craven | C6: 600 | D6: 200 | E6: 2250 | F6: 1500 | G6: 450 | H6: 1500 | I6: 3000 | J6: 700 | K6: 3000 | L6: 350 | M6: 3500 | N6: 500 | O6: 2000 | P6: 3000 | Q6: 300 | R6: 3000 | S6: 2500 | T6: 800
A7: 2009 | B7: Doncaster | C7: 350 | D7: 1500 | E7: 10000 | F7: 7000 | G7: 2500 | H7: 4500 | I7: 14000 | J7: 9000 | K7: 7000 | L7: 1500 | M7: 2000 | N7: 1000 | O7: 3500 | P7: 8000 | Q7: 6000 | R7: 11000 | S7: 19000 | T7: 4500
A8: 2009 | B8: ER Yorks | C8: 3000 | D8: 900 | E8: 14000 | F8: 5000 | G8: 2250 | H8: 5000 | I8: 12000 | J8: 5000 | K8: 9000 | L8: 2500 | M8: 2000 | N8: 1500 | O8: 5000 | P8: 5000 | Q8: 13000 | R8: 13000 | S8: 16000 | T8: 5000
A9: 2009 | B9: Hambleton | C9: 1250 | D9: 350 | E9: 4000 | F9: 1750 | G9: 700 | H9: 2500 | I9: 4000 | J9: 1250 | K9: 3000 | L9: 600 | M9: 400 | N9: 600 | O9: 2250 | P9: 1500 | Q9: 4500 | R9: 2500 | S9: 5000 | T9: 1750
A10: 2009 | B10: Harrogate | C10: 1250 | D10: 350 | E10: 4000 | F10: 2500 | G10: 1500 | H10: 4500 | I10: 8000 | J10: 2250 | K10: 7000 | L10: 7000 | M10: 3000 | N10: 1000 | O10: 5000 | P10: 3000 | Q10: 2250 | R10: 7000 | S10: 10000 | T10: 3500
A11: 2009 | B11: Hull | C11: 5 | D11: 1250 | E11: 17000 | F11: 5000 | G11: 2000 | H11: 6000 | I11: 14000 | J11: 5000 | K11: 6000 | L11: 2250 | M11: 1500 | N11: 1250 | O11: 4000 | P11: 11000 | Q11: 8000 | R11: 11000 | S11: 17000 | T11: 4000
A12: 2009 | B12: Kirklees | C12: 400 | D12: 1250 | E12: 26000 | F12: 6000 | G12: 3000 | H12: 8000 | I12: 17000 | J12: 6000 | K12: 8000 | L12: 5000 | M12: 2250 | N12: 2000 | O12: 6000 | P12: 10000 | Q12: 8000 | R12: 18000 | S12: 19000 | T12: 5000
A13: 2009 | B13: Leeds | C13: 600 | D13: 6000 | E13: 30000 | F13: 17000 | G13: 5000 | H13: 18000 | I13: 38000 | J13: 14000 | K13: 23000 | L13: 15000 | M13: 26000 | N13: 7000 | O13: 31000 | P13: 41000 | Q13: 23000 | R13: 37000 | S13: 48000 | T13: 17000
A14: 2009 | B14: NE Lincs | C14: 175 | D14: 500 | E14: 9000 | F14: 3000 | G14: 1750 | H14: 2500 | I14: 8000 | J14: 5000 | K14: 4000 | L14: 800 | M14: 1000 | N14: 1000 | O14: 2500 | P14: 4500 | Q14: 3000 | R14: 7000 | S14: 12000 | T14: 3000
... A23: 2009 | B23: York | C23: 225 | D23: 350 | E23: 4500 | F23: 4000 | G23: 1250 | H23: 2500 | I23: 13000 | J23: 10000 | K23: 9000 | L23: 3000 | M23: 6000 | N23: 1250 | O23: 6000 | P23: 7000 | Q23: 6000 | R23: 11000 | S23: 15000 | T23: 4500
